Step number,Repeats,Cycle,Step name,Elapsed Time (s),Working Electrode (V),Working Electrode vs. NHE (V),Current (A),|Current| (A),Current Density (A/m^2),Cumulative Charge (mAh),Counter Electrode (V)
1,1,0,Cyclic Voltammetry,0.117082420000315,-9.46244621276855,-9.46244621276855,-8.76734247867716e-06,8.76734247867716e-06,0,-2.85139353993079e-07,0.000261053442955017
1,1,0,Cyclic Voltammetry,0.217088820000299,-8.50267791748047,-8.50267791748047,-9.7892120720644e-07,9.7892120720644e-07,0,-3.12333350053178e-07,0.000220999121665955
1,1,0,Cyclic Voltammetry,0.317095300000346,-7.50155925750732,-7.50155925750732,-1.18152215122791e-07,1.18152215122791e-07,0,-3.156155687028e-07,0.000165686011314392
1,1,0,Cyclic Voltammetry,0.417101950000415,-6.50075149536133,-6.50075149536133,2.43214742567943e-07,2.43214742567943e-07,0,-3.08859154359786e-07,0.000151857733726501
1,1,0,Cyclic Voltammetry,0.517108240000198,-5.50005578994751,-5.50005578994751,4.64568131519627e-07,4.64568131519627e-07,0,-2.95953672336061e-07,0.00013183057308197
1,1,0,Cyclic Voltammetry,0.617114330000277,-4.49940013885498,-4.49940013885498,6.24183826403168e-07,6.24183826403168e-07,0,-2.78614176802764e-07,0.000103220343589783
1,1,0,Cyclic Voltammetry,0.717120960000102,-3.49912166595459,-3.49912166595459,7.4785151582546e-07,7.4785151582546e-07,0,-2.57839146292218e-07,7.29411840438843e-05
1,1,0,Cyclic Voltammetry,0.81712755000035,-2.49849653244019,-2.49849653244019,8.46479110805376e-07,8.46479110805376e-07,0,-2.34324288131638e-07,2.76416540145874e-05
1,1,0,Cyclic Voltammetry,0.917133800000101,-1.49764382839203,-1.49764382839203,9.29441625885374e-07,9.29441625885374e-07,0,-2.08504851576508e-07,-2.13533639907837e-05
1,1,0,Cyclic Voltammetry,1.01714022000033,-0.4965780377388,-0.4965780377388,1.00296108485054e-06,1.00296108485054e-06,0,-1.80643032827773e-07,-6.29574060440063e-05
1,1,0,Cyclic Voltammetry,1.11714650000022,0.504661917686462,0.504661917686462,1.06628431240097e-06,1.06628431240097e-06,0,-1.51022164076257e-07,-6.81132078170776e-05
1,1,0,Cyclic Voltammetry,1.21715321000011,1.50549674034119,1.50549674034119,1.12401664864592e-06,1.12401664864592e-06,0,-1.1979738434954e-07,-0.000130310654640198
1,1,0,Cyclic Voltammetry,1.3171594800001,2.50606966018677,2.50606966018677,1.17600279736507e-06,1.17600279736507e-06,0,-8.7128591773418e-08,-0.000182166695594788
1,1,0,Cyclic Voltammetry,1.41716566000014,3.50631618499756,3.50631618499756,1.2214666185173e-06,1.2214666185173e-06,0,-5.31968666302299e-08,-0.000194564461708069
1,1,0,Cyclic Voltammetry,1.51717202000009,4.5068531036377,4.5068531036377,1.26342308703897e-06,1.26342308703897e-06,0,-1.80995488317104e-08,-0.000246778130531311
1,1,0,Cyclic Voltammetry,1.6171787000003,5.50756216049194,5.50756216049194,1.30368505324441e-06,1.30368505324441e-06,0,1.8116343929641e-08,-0.000273957848548889
1,1,0,Cyclic Voltammetry,1.71718523000027,6.50820016860962,6.50820016860962,1.34534718654322e-06,1.34534718654322e-06,0,5.54895394217005e-08,-0.000313058495521545
1,1,0,Cyclic Voltammetry,1.81719149000037,7.50926399230957,7.50926399230957,1.38416953632259e-06,1.38416953632259e-06,0,9.39411001255047e-08,-0.000333085656166077
1,1,0,Cyclic Voltammetry,1.91719790000025,8.51051807403564,8.51051807403564,1.42124292779044e-06,1.42124292779044e-06,0,1.33422600943849e-07,-0.000346437096595764
1,1,0,Cyclic Voltammetry,2.01642604000017,9.50850677490234,9.50850677490234,1.45953436003765e-06,1.45953436003765e-06,0,1.73652289780658e-07,-0.000389352440834045
1,1,1,Cyclic Voltammetry,2.11753774000044,9.40206241607666,9.40206241607666,-1.53005203173961e-07,1.53005203173961e-07,0,1.69354896391267e-07,-0.000376954674720764
1,1,1,Cyclic Voltammetry,2.21754414000043,8.50272655487061,8.50272655487061,-4.96784821280016e-07,4.96784821280016e-07,0,1.55554434849365e-07,-0.00033976137638092
1,1,1,Cyclic Voltammetry,2.3175504400001,7.50145387649536,7.50145387649536,-6.73251690841425e-07,6.73251690841425e-07,0,1.3685182080226e-07,-0.000329270958900452
1,1,1,Cyclic Voltammetry,2.41755719000003,6.50044536590576,6.50044536590576,-7.91252375620388e-07,7.91252375620388e-07,0,1.14871104547951e-07,-0.000288262963294983
1,1,1,Cyclic Voltammetry,2.51756342000044,5.49974060058594,5.49974060058594,-8.82943766100652e-07,8.82943766100652e-07,0,9.03433608395909e-08,-0.000267282128334045
1,1,1,Cyclic Voltammetry,2.61756975000026,4.49910640716553,4.49910640716553,-9.58083660407283e-07,9.58083660407283e-07,0,6.37282411978906e-08,-0.00021769106388092
1,1,1,Cyclic Voltammetry,2.7175761200001,3.49855828285217,3.49855828285217,-1.02237856935972e-06,1.02237856935972e-06,0,3.5327027451418e-08,-0.00017191469669342
1,1,1,Cyclic Voltammetry,2.81758275000038,2.4983012676239,2.4983012676239,-1.07885500710836e-06,1.07885500710836e-06,0,5.35684591813045e-09,-0.00014902651309967
1,1,1,Cyclic Voltammetry,2.91758913000012,1.49774086475372,1.49774086475372,-1.12982831979025e-06,1.12982831979025e-06,0,-2.60292763828174e-08,-9.49054956436157e-05
1,1,1,Cyclic Voltammetry,3.01759554,0.496896266937256,0.496896266937256,-1.1760942015826e-06,1.1760942015826e-06,0,-5.87006538611365e-08,-5.58644533157349e-05
1,1,1,Cyclic Voltammetry,3.11760175000018,-0.504380345344543,-0.504380345344543,-1.21890889204224e-06,1.21890889204224e-06,0,-9.25613368135408e-08,-4.28110361099243e-05
1,1,1,Cyclic Voltammetry,3.21760837000011,-1.50543749332428,-1.50543749332428,-1.25794667837908e-06,1.25794667837908e-06,0,-1.27506613325994e-07,1.61975622177124e-05
1,1,1,Cyclic Voltammetry,3.31761483000037,-2.50628972053528,-2.50628972053528,-1.29461091091798e-06,1.29461091091798e-06,0,-1.6347035062561e-07,4.45693731307983e-05
1,1,1,Cyclic Voltammetry,3.41762122,-3.50689244270325,-3.50689244270325,-1.32880620640208e-06,1.32880620640208e-06,0,-2.00383992767661e-07,6.62654638290405e-05
1,1,1,Cyclic Voltammetry,3.51762763000033,-4.50719690322876,-4.50719690322876,-1.36150697471749e-06,1.36150697471749e-06,0,-2.38206055193191e-07,9.32067632675171e-05
1,1,1,Cyclic Voltammetry,3.61763410000003,-5.50782871246338,-5.50782871246338,-1.39322173708933e-06,1.39322173708933e-06,0,-2.76909162930178e-07,0.000139936804771423
1,1,1,Cyclic Voltammetry,3.71764030000031,-6.50857067108154,-6.50857067108154,-1.42325518481812e-06,1.42325518481812e-06,0,-3.16446480336943e-07,0.000167593359947205
1,1,1,Cyclic Voltammetry,3.81764724000004,-7.50935745239258,-7.50935745239258,-1.45232343129464e-06,1.45232343129464e-06,0,-3.56791597629634e-07,0.000197157263755798
1,1,1,Cyclic Voltammetry,3.9176533900004,-8.51046562194824,-8.51046562194824,-1.47991761423327e-06,1.47991761423327e-06,0,-3.97902948439961e-07,0.000250563025474548
1,1,1,Cyclic Voltammetry,4.01683560000038,-9.50813484191895,-9.50813484191895,-1.50691607814224e-06,1.50691607814224e-06,0,-4.39419411471809e-07,0.00028584897518158
1,1,1,Cyclic Voltammetry,4.11793037000007,-9.36464691162109,-9.36464691162109,1.12961771492337e-07,1.12961771492337e-07,0,-4.36247232497427e-07,0.000251516699790955
1,1,1,Cyclic Voltammetry,4.21793690000004,-8.50269508361816,-8.50269508361816,4.35290928635368e-07,4.35290928635368e-07,0,-4.24155028243735e-07,0.000183805823326111
1,1,1,Cyclic Voltammetry,4.31794301000036,-7.50162220001221,-7.50162220001221,6.19907268628594e-07,6.19907268628594e-07,0,-4.06934329772494e-07,0.000112757086753845
1,1,1,Cyclic Voltammetry,4.41794976000028,-6.50083780288696,-6.50083780288696,7.44689032217138e-07,7.44689032217138e-07,0,-3.86247127030098e-07,6.12586736679077e-05
1,1,1,Cyclic Voltammetry,4.51795616000027,-5.50009202957153,-5.50009202957153,8.41134806250921e-07,8.41134806250921e-07,0,-3.62880775950143e-07,9.76026058197021e-06
1,1,1,Cyclic Voltammetry,4.61796242000037,-4.49944400787354,-4.49944400787354,9.20061097531288e-07,9.20061097531288e-07,0,-3.37321923356896e-07,-2.64793634414673e-05
1,1,1,Cyclic Voltammetry,4.71796890000041,-3.32765412330627,-3.32765412330627,1.01014313713677e-06,1.01014313713677e-06,0,-3.09260573512103e-07,4.09930944442749e-05
1,1,1,Cyclic Voltammetry,4.81797548000031,-2.49849200248718,-2.49849200248718,1.05821379747795e-06,1.05821379747795e-06,0,-2.79863811624749e-07,2.09659337997437e-05
1,1,1,Cyclic Voltammetry,4.91798177999999,-1.49765527248383,-1.49765527248383,1.1094633691755e-06,1.1094633691755e-06,0,-2.49043443142411e-07,-1.22934579849243e-05
1,1,1,Cyclic Voltammetry,5.0179880200003,-0.496584743261337,-0.496584743261337,1.15581894988281e-06,1.15581894988281e-06,0,-2.16935357781608e-07,-4.75198030471802e-05
1,1,1,Cyclic Voltammetry,5.11799433000033,0.504644870758057,0.504644870758057,1.19734033887653e-06,1.19734033887653e-06,0,-1.8367380525238e-07,-4.40627336502075e-05
1,1,1,Cyclic Voltammetry,5.21800101000008,1.50548851490021,1.50548851490021,1.23541826724249e-06,1.23541826724249e-06,0,-1.49354338775167e-07,-9.93162393569946e-05
1,1,1,Cyclic Voltammetry,5.31800749000013,2.50604653358459,2.50604653358459,1.27097530366882e-06,1.27097530366882e-06,0,-1.14047181473247e-07,-0.000155225396156311
1,1,1,Cyclic Voltammetry,5.41801391000035,3.50628519058228,3.50628519058228,1.30473722492752e-06,1.30473722492752e-06,0,-7.78021539993494e-08,-0.000186696648597717
1,1,1,Cyclic Voltammetry,5.51801994000016,4.50684785842896,4.50684785842896,1.3374095715335e-06,1.3374095715335e-06,0,-4.06496479624593e-08,-0.000229611992835999
1,1,1,Cyclic Voltammetry,5.61802660000012,5.50754976272583,5.50754976272583,1.36899211611308e-06,1.36899211611308e-06,0,-2.61955654613992e-09,-0.000261560082435608
1,1,1,Cyclic Voltammetry,5.71803279000005,6.50818300247192,6.50818300247192,1.3998321719555e-06,1.3998321719555e-06,0,3.62670773862482e-08,-0.000294461846351624
1,1,1,Cyclic Voltammetry,5.81803960000025,7.5091700553894,7.5091700553894,1.43027443755273e-06,1.43027443755273e-06,0,7.59996284763793e-08,-0.000314012169837952
1,1,1,Cyclic Voltammetry,5.91804598000044,8.51047611236572,8.51047611236572,1.46055447203253e-06,1.46055447203253e-06,0,1.1657317446001e-07,-0.00036264955997467
1,1,2,Cyclic Voltammetry,6.11893684000006,9.50448131561279,9.50448131561279,8.43071319422961e-08,8.43071319422961e-08,0,1.21277766748896e-07,-0.000379815697669983
1,1,2,Cyclic Voltammetry,6.21894342000041,8.50268840789795,8.50268840789795,-4.25970142714505e-07,4.25970142714505e-07,0,1.09444484205801e-07,-0.00032450258731842
1,1,2,Cyclic Voltammetry,6.31894988000022,7.50144100189209,7.50144100189209,-6.11322889199073e-07,6.11322889199073e-07,0,9.24621958542311e-08,-0.000287309288978577
1,1,2,Cyclic Voltammetry,6.41895621000003,6.50042247772217,6.50042247772217,-7.37363109237776e-07,7.37363109237776e-07,0,7.19785907341971e-08,-0.000256314873695374
1,1,2,Cyclic Voltammetry,6.51896247000013,5.49977779388428,5.49977779388428,-8.3447645238266e-07,8.3447645238266e-07,0,4.87972382172689e-08,-0.000217214226722717
1,1,2,Cyclic Voltammetry,6.61896896000007,4.49912118911743,4.49912118911743,-9.14650115646509e-07,9.14650115646509e-07,0,2.33886416495333e-08,-0.000172391533851624
1,1,2,Cyclic Voltammetry,6.71897549000005,3.49855852127075,3.49855852127075,-9.82268034022127e-07,9.82268034022127e-07,0,-3.89836324281349e-09,-0.00011993944644928
1,1,2,Cyclic Voltammetry,6.81898202000002,2.49831771850586,2.49831771850586,-1.0414214557386e-06,1.0414214557386e-06,0,-3.28286260361296e-08,-8.32229852676392e-05
1,1,2,Cyclic Voltammetry,6.91898836000018,1.49775004386902,1.49775004386902,-1.0944580708383e-06,1.0944580708383e-06,0,-6.32321665772903e-08,-5.21093606948853e-05
1,1,2,Cyclic Voltammetry,7.01899476000017,0.496925830841064,0.496925830841064,-1.14248155114183e-06,1.14248155114183e-06,0,-9.49697962984268e-08,-5.82635402679443e-06
1,1,2,Cyclic Voltammetry,7.11900111000023,-0.504347443580627,-0.504347443580627,-1.18666230264353e-06,1.18666230264353e-06,0,-1.27934731178994e-07,5.34951686859131e-06
1,1,2,Cyclic Voltammetry,7.21900771000037,-1.50543224811554,-1.50543224811554,-1.2266938256289e-06,1.2266938256289e-06,0,-1.62011808607415e-07,4.00394201278687e-05
1,1,2,Cyclic Voltammetry,7.31901403000029,-2.50628972053528,-2.50628972053528,-1.26475072192989e-06,1.26475072192989e-06,0,-1.97145993445596e-07,6.03049993515015e-05
1,1,2,Cyclic Voltammetry,7.41902025000036,-3.50688600540161,-3.50688600540161,-1.29995055431209e-06,1.29995055431209e-06,0,-2.33257977091081e-07,0.000108465552330017
1,1,2,Cyclic Voltammetry,7.51902675000019,-4.50717973709106,-4.50717973709106,-1.33389266920858e-06,1.33389266920858e-06,0,-2.70312959653022e-07,0.000130876898765564
1,1,2,Cyclic Voltammetry,7.61903329000006,-5.5077953338623,-5.5077953338623,-1.36601943268033e-06,1.36601943268033e-06,0,-3.08260425496061e-07,0.000173792243003845
1,1,2,Cyclic Voltammetry,7.7190394700001,-6.50854778289795,-6.50854778289795,-1.39721419145644e-06,1.39721419145644e-06,0,-3.47074329365339e-07,0.000207170844078064
1,1,2,Cyclic Voltammetry,7.81904611000027,-7.50936603546143,-7.50936603546143,-1.4268928225647e-06,1.4268928225647e-06,0,-3.86712872927855e-07,0.000237688422203064
1,1,2,Cyclic Voltammetry,7.91905432000021,-8.51045703887939,-8.51045703887939,-1.45621731917345e-06,1.45621731917345e-06,0,-4.2716667500048e-07,0.00026296079158783
1,1,2,Cyclic Voltammetry,8.11938218000023,-9.36666011810303,-9.36666011810303,1.31063274011467e-07,1.31063274011467e-07,0,-4.19873445776227e-07,0.000254377722740173
1,1,2,Cyclic Voltammetry,8.21938859000011,-8.50269317626953,-8.50269317626953,4.52425268804291e-07,4.52425268804291e-07,0,-4.07305271630019e-07,0.00017903745174408
1,1,2,Cyclic Voltammetry,8.31939464000016,-7.50158262252808,-7.50158262252808,6.34830314538704e-07,6.34830314538704e-07,0,-3.89670029358546e-07,0.000111326575279236
1,1,2,Cyclic Voltammetry,8.41940131000001,-6.50080299377441,-6.50080299377441,7.57880684432166e-07,7.57880684432166e-07,0,-3.68616383939859e-07,6.79343938827515e-05
1,1,2,Cyclic Voltammetry,8.51940776000038,-5.50008249282837,-5.50008249282837,8.53016388191463e-07,8.53016388191463e-07,0,-3.44919955946759e-07,2.7880072593689e-05
1,1,2,Cyclic Voltammetry,8.61941411000043,-4.49942541122437,-4.49942541122437,9.30852593228337e-07,9.30852593228337e-07,0,-3.19061297547633e-07,2.13086605072021e-06
1,1,2,Cyclic Voltammetry,8.71942048000028,-3.35293412208557,-3.35293412208557,1.0197769597653e-06,1.0197769597653e-06,0,-2.90732355337742e-07,8.1285834312439e-05
1,1,2,Cyclic Voltammetry,8.81942699000001,-2.49852299690247,-2.49852299690247,1.06745665107155e-06,1.06745665107155e-06,0,-2.61078851379501e-07,4.74303960800171e-05
1,1,2,Cyclic Voltammetry,8.91943342000013,-1.49767160415649,-1.49767160415649,1.11821816517477e-06,1.11821816517477e-06,0,-2.30015238418275e-07,2.56150960922241e-05
1,1,2,Cyclic Voltammetry,9.01943983000001,-0.496601223945618,-0.496601223945618,1.16441651698551e-06,1.16441651698551e-06,0,-1.97668261860419e-07,-1.40219926834106e-05
1,1,2,Cyclic Voltammetry,9.1194462200001,0.504653930664063,0.504653930664063,1.20575464279682e-06,1.20575464279682e-06,0,-1.64172937123764e-07,-1.70618295669556e-05
1,1,2,Cyclic Voltammetry,9.21945256000026,1.50551223754883,1.50551223754883,1.24367636544775e-06,1.24367636544775e-06,0,-1.2962418116456e-07,-7.84546136856079e-05
1,1,2,Cyclic Voltammetry,9.31945912000037,2.50607633590698,2.50607633590698,1.27964131024783e-06,1.27964131024783e-06,0,-9.40762574223597e-08,-0.000121131539344788
1,1,2,Cyclic Voltammetry,9.41946554000015,3.50632572174072,3.50632572174072,1.31315414364508e-06,1.31315414364508e-06,0,-5.75974116407455e-08,-0.000140920281410217
1,1,2,Cyclic Voltammetry,9.51947181000014,4.50688314437866,4.50688314437866,1.34583058297721e-06,1.34583058297721e-06,0,-2.02108847920041e-08,-0.000189557671546936
1,1,2,Cyclic Voltammetry,9.61947840000039,5.50755596160889,5.50755596160889,1.37774748054653e-06,1.37774748054653e-06,0,1.80624005999104e-08,-0.000214353203773499
1,1,2,Cyclic Voltammetry,9.71948488000044,6.50822353363037,6.50822353363037,1.40831502903893e-06,1.40831502903893e-06,0,5.71847974847292e-08,-0.000261560082435608
1,1,2,Cyclic Voltammetry,9.81949125000028,7.50928735733032,7.50928735733032,1.43885154102463e-06,1.43885154102463e-06,0,9.71554418143288e-08,-0.000280633568763733
1,1,2,Cyclic Voltammetry,9.91949752000028,8.51056480407715,8.51056480407715,1.46933837186225e-06,1.46933837186225e-06,0,1.37972955685942e-07,-0.000329270958900452
1,1,2,Cyclic Voltammetry,10.0187105300001,9.50850963592529,9.50850963592529,1.49970333040983e-06,1.49970333040983e-06,0,1.79303533885045e-07,-0.000366464257240295
1,1,3,Cyclic Voltammetry,10.1203752700003,9.504563331604,9.504563331604,9.19714295832819e-08,9.19714295832819e-08,0,1.81900825961719e-07,-0.000356927514076233
1,1,3,Cyclic Voltammetry,10.2203816700003,8.50280952453613,8.50280952453613,-4.19868030121506e-07,4.19868030121506e-07,0,1.70237078692959e-07,-0.00031687319278717
1,1,3,Cyclic Voltammetry,10.3203879300004,7.50149726867676,7.50149726867676,-6.06624666943389e-07,6.06624666943389e-07,0,1.53385338647177e-07,-0.000266805291175842
1,1,3,Cyclic Voltammetry,10.4203947000001,6.50047922134399,6.50047922134399,-7.33468425551109e-07,7.33468425551109e-07,0,1.33009836387139e-07,-0.000265851616859436
1,1,3,Cyclic Voltammetry,10.5204008700002,5.49982976913452,5.49982976913452,-8.31878935514396e-07,8.31878935514396e-07,0,1.09900662430308e-07,-0.000237718224525452
1,1,3,Cyclic Voltammetry,10.6204071200004,4.49917459487915,4.49917459487915,-9.12207440251223e-07,9.12207440251223e-07,0,8.45599831742494e-08,-0.000186219811439514
1,1,3,Cyclic Voltammetry,10.7204138400002,3.49862480163574,3.49862480163574,-9.80173240350268e-07,9.80173240350268e-07,0,5.73311190634191e-08,-0.000137105584144592
1,1,3,Cyclic Voltammetry,10.8204201400004,2.49834680557251,2.49834680557251,-1.03946774743235e-06,1.03946774743235e-06,0,2.84551958994798e-08,-9.82433557510376e-05
1,1,3,Cyclic Voltammetry,10.9204266700003,1.49776148796082,1.49776148796082,-1.09257643998717e-06,1.09257643998717e-06,0,-1.89613146797596e-09,-4.74601984024048e-05
1,1,3,Cyclic Voltammetry,11.0204329800004,0.496913224458694,0.496913224458694,-1.14043587018386e-06,1.14043587018386e-06,0,-3.35769045704085e-08,-1.89989805221558e-05
1,1,3,Cyclic Voltammetry,11.1204394400002,-0.504351079463959,-0.504351079463959,-1.18427078632521e-06,1.18427078632521e-06,0,-6.64754404097332e-08,-3.35276126861572e-06
1,1,3,Cyclic Voltammetry,11.22044598,-1.50542747974396,-1.50542747974396,-1.22442133942968e-06,1.22442133942968e-06,0,-1.00489368648168e-07,2.32309103012085e-05
1,1,3,Cyclic Voltammetry,11.3204523300001,-2.50631737709045,-2.50631737709045,-1.26205566175486e-06,1.26205566175486e-06,0,-1.3554869648956e-07,6.45965337753296e-05
1,1,3,Cyclic Voltammetry,11.4204588400003,-3.50691843032837,-3.50691843032837,-1.29727129660751e-06,1.29727129660751e-06,0,-1.71586356183208e-07,0.000115379691123962
1,1,3,Cyclic Voltammetry,11.5204651700001,-4.50717401504517,-4.50717401504517,-1.33070875563135e-06,1.33070875563135e-06,0,-2.08552828113572e-07,0.000159487128257751
1,1,3,Cyclic Voltammetry,11.6204715500003,-5.5078125,-5.5078125,-1.36310723064526e-06,1.36310723064526e-06,0,-2.46419333582717e-07,0.000192388892173767
1,1,3,Cyclic Voltammetry,11.7204780500001,-6.50857067108154,-6.50857067108154,-1.39372662033566e-06,1.39372662033566e-06,0,-2.85136478376153e-07,0.000212416052818298
1,1,3,Cyclic Voltammetry,11.8204843400003,-7.50938272476196,-7.50938272476196,-1.4234784657674e-06,1.4234784657674e-06,0,-3.24680034002994e-07,0.000260099768638611
1,1,3,Cyclic Voltammetry,11.9204909500004,-8.51045989990234,-8.51045989990234,-1.45242438520654e-06,1.45242438520654e-06,0,-3.65027822626854e-07,0.000282034277915955
1,1,3,Cyclic Voltammetry,12.0196884800002,-9.50811100006104,-9.50811100006104,-1.48045398873364e-06,1.48045398873364e-06,0,-4.05821539004857e-07,0.000298246741294861
1,1,3,Cyclic Voltammetry,12.1207968100002,-9.36626148223877,-9.36626148223877,1.34214985791914e-07,1.34214985791914e-07,0,-4.0205202426197e-07,0.000252470374107361
1,1,3,Cyclic Voltammetry,12.2208030700003,-8.50275421142578,-8.50275421142578,4.54436417385295e-07,4.54436417385295e-07,0,-3.89428000231262e-07,0.000184759497642517
1,1,3,Cyclic Voltammetry,12.3208097300003,-7.50164079666138,-7.50164079666138,6.36306424439681e-07,6.36306424439681e-07,0,-3.71751644607726e-07,0.000129923224449158
1,1,3,Cyclic Voltammetry,12.4208178900003,-6.50085163116455,-6.50085163116455,7.59082297463465e-07,7.59082297463465e-07,0,-3.50664304647196e-07,8.46236944198608e-05
1,1,3,Cyclic Voltammetry,12.5208224500002,-5.50009155273438,-5.50009155273438,8.53948961321294e-07,8.53948961321294e-07,0,-3.26942418497392e-07,4.93377447128296e-05
1,1,3,Cyclic Voltammetry,12.6208288100001,-4.49944734573364,-4.49944734573364,9.31690578909183e-07,9.31690578909183e-07,0,-3.01060478652126e-07,-6.92903995513916e-06
1,1,3,Cyclic Voltammetry,12.7208351600002,-3.42098832130432,-3.42098832130432,1.01514694961224e-06,1.01514694961224e-06,0,-2.72860161667567e-07,6.10202550888062e-05
1,1,3,Cyclic Voltammetry,12.8208419000002,-2.49852967262268,-2.49852967262268,1.06845902791974e-06,1.06845902791974e-06,0,-2.43178743832608e-07,3.74168157577515e-05
1,1,3,Cyclic Voltammetry,12.9208493200003,-1.49765527248383,-1.49765527248383,1.11918291167967e-06,1.11918291167967e-06,0,-2.12088022858915e-07,-5.379319190979e-06
1,1,3,Cyclic Voltammetry,13.0208544700004,-0.496577084064484,-0.496577084064484,1.16508601877285e-06,1.16508601877285e-06,0,-1.79722855617165e-07,-3.2380223274231e-05
1,1,3,Cyclic Voltammetry,13.1208608700003,0.504664123058319,0.504664123058319,1.20675952075544e-06,1.20675952075544e-06,0,-1.46199612468149e-07,-4.28706407546997e-05
1,1,3,Cyclic Voltammetry,13.2208671800004,1.5055114030838,1.5055114030838,1.24479947771761e-06,1.24479947771761e-06,0,-1.11619667341344e-07,-9.2044472694397e-05
1,1,3,Cyclic Voltammetry,13.3208738300004,2.5060863494873,2.5060863494873,1.2810025964427e-06,1.2810025964427e-06,0,-7.60338955881152e-08,-0.000151172280311584
1,1,3,Cyclic Voltammetry,13.4208802900002,3.50635862350464,3.50635862350464,1.31475326270447e-06,1.31475326270447e-06,0,-3.95106123724856e-08,-0.000191941857337952
1,1,3,Cyclic Voltammetry,13.5208865500003,4.50691604614258,4.50691604614258,1.34778861138329e-06,1.34778861138329e-06,0,-2.06969617938234e-09,-0.00023438036441803
1,1,3,Cyclic Voltammetry,13.6208930800003,5.50757598876953,5.50757598876953,1.37992765303352e-06,1.37992765303352e-06,0,3.62641305514203e-08,-0.000265374779701233
1,1,3,Cyclic Voltammetry,13.7208996100003,6.5082540512085,6.5082540512085,1.41081534366094e-06,1.41081534366094e-06,0,7.54560047153788e-08,-0.000305429100990295
1,1,3,Cyclic Voltammetry,13.82090599,7.50926160812378,7.50926160812378,1.44162743254128e-06,1.44162743254128e-06,0,1.15503766058927e-07,-0.000345483422279358
1,1,3,Cyclic Voltammetry,13.9209120400001,8.51055335998535,8.51055335998535,1.47190428378963e-06,1.47190428378963e-06,0,1.56392469781135e-07,-0.000380769371986389
1,1,3,Cyclic Voltammetry,14.0201402900002,9.50851821899414,9.50851821899414,1.50272626342485e-06,1.50272626342485e-06,0,1.97812719044711e-07,-0.000410333275794983
1,1,4,Cyclic Voltammetry,14.1218207200004,9.5045804977417,9.5045804977417,9.41329716397377e-08,9.41329716397377e-08,0,2.00471463776246e-07,-0.000376001000404358
1,1,4,Cyclic Voltammetry,14.2218271600004,8.50283241271973,8.50283241271973,-4.1849963849927e-07,4.1849963849927e-07,0,1.88845725168578e-07,-0.000335946679115295
1,1,4,Cyclic Voltammetry,14.3218336,7.50149631500244,7.50149631500244,-6.05836191880371e-07,6.05836191880371e-07,0,1.72015858287232e-07,-0.000286832451820374
1,1,4,Cyclic Voltammetry,14.4218397900004,6.50046396255493,6.50046396255493,-7.33087347271066e-07,7.33087347271066e-07,0,1.5165106035999e-07,-0.000266328454017639
1,1,4,Cyclic Voltammetry,14.5218464000004,5.49979114532471,5.49979114532471,-8.31673730772309e-07,8.31673730772309e-07,0,1.28547485237595e-07,-0.000242486596107483
1,1,4,Cyclic Voltammetry,14.6218527800002,4.49913024902344,4.49913024902344,-9.12250641249557e-07,9.12250641249557e-07,0,1.03205572936537e-07,-0.000197663903236389
1,1,4,Cyclic Voltammetry,14.7218591300002,3.4985728263855,3.4985728263855,-9.80668460215384e-07,9.80668460215384e-07,0,7.5963052584782e-08,-0.000151172280311584
1,1,4,Cyclic Voltammetry,14.8218654800003,2.49830651283264,2.49830651283264,-1.03973343357211e-06,1.03973343357211e-06,0,4.70797343446224e-08,-0.000121131539344788
1,1,4,Cyclic Voltammetry,14.9218718800003,1.49774062633514,1.49774062633514,-1.09253869595705e-06,1.09253869595705e-06,0,1.67294949436943e-08,-6.96331262588501e-05
1,1,4,Cyclic Voltammetry,15.0218785100001,0.496878445148468,0.496878445148468,-1.1402831887608e-06,1.1402831887608e-06,0,-1.49471380989231e-08,-2.72542238235474e-05
1,1,4,Cyclic Voltammetry,15.1218846300003,-0.50438916683197,-0.50438916683197,-1.18401044346683e-06,1.18401044346683e-06,0,-4.78383299019379e-08,-2.79098749160767e-05
1,1,4,Cyclic Voltammetry,15.22189131,-1.50547099113464,-1.50547099113464,-1.223980461873e-06,1.223980461873e-06,0,-8.18400583398492e-08,2.00122594833374e-05
1,1,4,Cyclic Voltammetry,15.3218977900001,-2.50634169578552,-2.50634169578552,-1.26143777379184e-06,1.26143777379184e-06,0,-1.16882267088743e-07,5.31524419784546e-05
1,1,4,Cyclic Voltammetry,15.4219041700003,-3.50694155693054,-3.50694155693054,-1.29641739476938e-06,1.29641739476938e-06,0,-1.52896158927679e-07,9.67830419540405e-05
1,1,4,Cyclic Voltammetry,15.5219104500002,-4.50720739364624,-4.50720739364624,-1.3296194083523e-06,1.3296194083523e-06,0,-1.89832350829059e-07,0.000161394476890564
1,1,4,Cyclic Voltammetry,15.6219169300002,-5.5078821182251,-5.5078821182251,-1.36212088364118e-06,1.36212088364118e-06,0,-2.27671493858922e-07,0.000188574194908142
1,1,4,Cyclic Voltammetry,15.7219233400001,-6.5085973739624,-6.5085973739624,-1.39258554554544e-06,1.39258554554544e-06,0,-2.66356905255511e-07,0.000221475958824158
1,1,4,Cyclic Voltammetry,15.8219299000002,-7.50939226150513,-7.50939226150513,-1.42226201660378e-06,1.42226201660378e-06,0,-3.05866775172002e-07,0.000226244330406189
1,1,4,Cyclic Voltammetry,15.92193623,-8.51050090789795,-8.51050090789795,-1.45108265314775e-06,1.45108265314775e-06,0,-3.46177178135252e-07,0.000269636511802673
1,1,4,Cyclic Voltammetry,16.0211107,-9.50817203521729,-9.50817203521729,-1.47892683344253e-06,1.47892683344253e-06,0,-3.86919340600644e-07,0.000306829810142517
1,1,4,Cyclic Voltammetry,16.12221645,-9.36658096313477,-9.36658096313477,1.34569120291417e-07,1.34569120291417e-07,0,-3.83139976202338e-07,0.000254377722740173
1,1,4,Cyclic Voltammetry,16.2222227900002,-8.50267791748047,-8.50267791748047,4.54828267493212e-07,4.54828267493212e-07,0,-3.70505056657723e-07,0.000183805823326111
1,1,4,Cyclic Voltammetry,16.3222292100004,-7.50157690048218,-7.50157690048218,6.36547383692232e-07,6.36547383692232e-07,0,-3.52822049712287e-07,0.000138029456138611
1,1,4,Cyclic Voltammetry,16.4222356600003,-6.50079345703125,-6.50079345703125,7.59154943352769e-07,7.59154943352769e-07,0,-3.31733052244344e-07,8.98689031600952e-05
1,1,4,Cyclic Voltammetry,16.5222419900001,-5.50008392333984,-5.50008392333984,8.53957715207798e-07,8.53957715207798e-07,0,-3.08010503057411e-07,4.26620244979858e-05
1,1,4,Cyclic Voltammetry,16.62224827,-4.49944543838501,-4.49944543838501,9.31619524635607e-07,9.31619524635607e-07,0,-2.82130557770169e-07,-1.64657831192017e-05
1,1,4,Cyclic Voltammetry,16.7222548100003,-3.34903788566589,-3.34903788566589,1.02095623333298e-06,1.02095623333298e-06,0,-2.5376880766256e-07,6.6027045249939e-05
1,1,4,Cyclic Voltammetry,16.8222614300003,-2.49852395057678,-2.49852395057678,1.06852621684084e-06,1.06852621684084e-06,0,-2.24085558960459e-07,5.05298376083374e-05
1,1,4,Cyclic Voltammetry,16.9222678000001,-1.49767923355103,-1.49767923355103,1.11916199330153e-06,1.11916199330153e-06,0,-1.9299574551827e-07,3.08454036712646e-06
1,1,4,Cyclic Voltammetry,17.0222740500003,-0.496606409549713,-0.496606409549713,1.16533635718952e-06,1.16533635718952e-06,0,-1.6062326799843e-07,-4.28110361099243e-05
1,1,4,Cyclic Voltammetry,17.1222815700003,0.504628241062164,0.504628241062164,1.20682386750559e-06,1.20682386750559e-06,0,-1.27097861868986e-07,-4.6953558921814e-05
1,1,4,Cyclic Voltammetry,17.2222868800004,1.50547742843628,1.50547742843628,1.24506993870455e-06,1.24506993870455e-06,0,-9.25107493156511e-08,-8.87066125869751e-05
1,1,4,Cyclic Voltammetry,17.3222934200003,2.50603890419006,2.50603890419006,1.28147098621412e-06,1.28147098621412e-06,0,-5.69120050263479e-08,-0.000135913491249084
1,1,4,Cyclic Voltammetry,17.4222998,3.50629854202271,3.50629854202271,1.3154724456399e-06,1.3154724456399e-06,0,-2.03687724491668e-08,-0.000171199440956116
1,1,4,Cyclic Voltammetry,17.5223061000002,4.50684499740601,4.50684499740601,1.34859192257863e-06,1.34859192257863e-06,0,1.70944743250425e-08,-0.000195279717445374
1,1,4,Cyclic Voltammetry,17.6223126700002,5.50753879547119,5.50753879547119,1.38058237553196e-06,1.38058237553196e-06,0,5.54465043193231e-08,-0.000243917107582092
1,1,4,Cyclic Voltammetry,17.7223194600001,6.5081353187561,6.5081353187561,1.41154282573552e-06,1.41154282573552e-06,0,9.46586895830096e-08,-0.000286832451820374
1,1,4,Cyclic Voltammetry,17.8223255000003,7.50919246673584,7.50919246673584,1.44257978718088e-06,1.44257978718088e-06,0,1.34732770666405e-07,-0.000300183892250061
1,1,4,Cyclic Voltammetry,17.9223317300002,8.51046657562256,8.51046657562256,1.47337641465128e-06,1.47337641465128e-06,0,1.75662443055332e-07,-0.00033976137638092
1,1,4,Cyclic Voltammetry,18.0215220300001,9.5084171295166,9.5084171295166,1.5035567457744e-06,1.5035567457744e-06,0,2.17089733244294e-07,-0.00038553774356842
1,1,5,Cyclic Voltammetry,18.1231847800004,9.50441551208496,9.50441551208496,9.52513090624052e-08,9.52513090624052e-08,0,2.19779597138853e-07,-0.000390306115150452
1,1,5,Cyclic Voltammetry,18.2231914600002,8.50268363952637,8.50268363952637,-4.18388992784458e-07,4.18388992784458e-07,0,2.08156904328627e-07,-0.000342622399330139
1,1,5,Cyclic Voltammetry,18.3231976800002,7.50143718719482,7.50143718719482,-6.05639399964275e-07,6.05639399964275e-07,0,1.91332541252644e-07,-0.000297799706459045
1,1,5,Cyclic Voltammetry,18.4232043400002,6.50040864944458,6.50040864944458,-7.33235594907455e-07,7.33235594907455e-07,0,1.70963529352705e-07,-0.000267758965492249
1,1,5,Cyclic Voltammetry,18.5232104900001,5.49978303909302,5.49978303909302,-8.32020134566847e-07,8.32020134566847e-07,0,1.47850437580364e-07,-0.000248685479164124
1,1,5,Cyclic Voltammetry,18.6232171700003,4.49908494949341,4.49908494949341,-9.12643031369953e-07,9.12643031369953e-07,0,1.22497548804633e-07,-0.000188127160072327
1,1,5,Cyclic Voltammetry,18.7232235500001,3.49854612350464,3.49854612350464,-9.80787604021316e-07,9.80787604021316e-07,0,9.52517105194131e-08,-0.000148311257362366
1,1,5,Cyclic Voltammetry,18.8232299400001,2.49829602241516,2.49829602241516,-1.04006551282509e-06,1.04006551282509e-06,0,6.63591557135159e-08,-0.000101104378700256
1,1,5,Cyclic Voltammetry,18.9232363400001,1.49772977828979,1.49772977828979,-1.09301822703856e-06,1.09301822703856e-06,0,3.59955951522685e-08,-5.81890344619751e-05
1,1,5,Cyclic Voltammetry,19.0232424100004,0.496881544589996,0.496881544589996,-1.14064994249929e-06,1.14064994249929e-06,0,4.30895126465408e-09,-3.7267804145813e-05
1,1,5,Cyclic Voltammetry,19.1232489700001,-0.504379332065582,-0.504379332065582,-1.18462264708796e-06,1.18462264708796e-06,0,-2.85993920222775e-08,-2.82078981399536e-05
1,1,5,Cyclic Voltammetry,19.2232555800001,-1.50544679164886,-1.50544679164886,-1.224187826665e-06,1.224187826665e-06,0,-6.26068571745218e-08,2.25156545639038e-05
1,1,5,Cyclic Voltammetry,19.3232618900001,-2.50629854202271,-2.50629854202271,-1.261575675926e-06,1.261575675926e-06,0,-9.76528372120628e-08,5.81592321395874e-05
1,1,5,Cyclic Voltammetry,19.4232685100001,-3.50688934326172,-3.50688934326172,-1.29626835132512e-06,1.29626835132512e-06,0,-1.33662675108982e-07,7.86632299423218e-05
1,1,5,Cyclic Voltammetry,19.5232746900001,-4.50721883773804,-4.50721883773804,-1.32943011976749e-06,1.32943011976749e-06,0,-1.70593571735354e-07,0.000138506293296814
1,1,5,Cyclic Voltammetry,19.6232813900001,-5.50781059265137,-5.50781059265137,-1.3617619742945e-06,1.3617619742945e-06,0,-2.08422827633873e-07,0.000172838568687439
1,1,5,Cyclic Voltammetry,19.7232874900001,-6.50855493545532,-6.50855493545532,-1.39221413064661e-06,1.39221413064661e-06,0,-2.47097801403545e-07,0.000194773077964783
1,1,5,Cyclic Voltammetry,19.8232941400001,-7.50937271118164,-7.50937271118164,-1.42172166306409e-06,1.42172166306409e-06,0,-2.86592696057869e-07,0.000244364142417908
1,1,5,Cyclic Voltammetry,19.9233003500003,-8.51046180725098,-8.51046180725098,-1.45058891121153e-06,1.45058891121153e-06,0,-3.26889334746354e-07,0.00027821958065033
1,1,5,Cyclic Voltammetry,20.0225057100001,-9.5081033706665,-9.5081033706665,-1.47864204791404e-06,1.47864204791404e-06,0,-3.67636339378069e-07,0.000305876135826111
1,1,5,Cyclic Voltammetry,20.1235997100002,-9.36650943756104,-9.36650943756104,1.3516572039407e-07,1.3516572039407e-07,0,-3.63840660673199e-07,0.000300154089927673
1,1,5,Cyclic Voltammetry,20.2236063,-8.50271224975586,-8.50271224975586,4.54950310313507e-07,4.54950310313507e-07,0,-3.51202319241587e-07,0.00021718442440033
1,1,5,Cyclic Voltammetry,20.32361253,-7.50162839889526,-7.50162839889526,6.36542836218723e-07,6.36542836218723e-07,0,-3.33519472218332e-07,0.000138506293296814
1,1,5,Cyclic Voltammetry,20.42361914,-6.50080537796021,-6.50080537796021,7.59072463552002e-07,7.59072463552002e-07,0,-3.12432732267162e-07,7.41332769393921e-05
1,1,5,Cyclic Voltammetry,20.52362541,-5.5000262260437,-5.5000262260437,8.53782296417194e-07,8.53782296417194e-07,0,-2.8871507036252e-07,3.50326299667358e-05
1,1,5,Cyclic Voltammetry,20.6236315000001,-4.49939346313477,-4.49939346313477,9.31377485358098e-07,9.31377485358098e-07,0,-2.6284189796675e-07,2.23517417907715e-07
1,1,5,Cyclic Voltammetry,20.7236380000004,-3.41344380378723,-3.41344380378723,1.01575119515473e-06,1.01575119515473e-06,0,-2.34624752994934e-07,8.48621129989624e-05
1,1,5,Cyclic Voltammetry,20.8236448100001,-2.49851560592651,-2.49851560592651,1.0681367257348e-06,1.0681367257348e-06,0,-2.04952267832627e-07,4.81456518173218e-05
1,1,5,Cyclic Voltammetry,20.9236512700004,-1.49766552448273,-1.49766552448273,1.11890187781682e-06,1.11890187781682e-06,0,-1.73869652308154e-07,-5.02169132232666e-06
1,1,5,Cyclic Voltammetry,21.0236574400001,-0.49659663438797,-0.49659663438797,1.16519061066356e-06,1.16519061066356e-06,0,-1.41501249449249e-07,-5.39571046829224e-05
1,1,5,Cyclic Voltammetry,21.1236638100004,0.504662930965424,0.504662930965424,1.2069872354914e-06,1.2069872354914e-06,0,-1.07971690544195e-07,-6.43879175186157e-05
1,1,5,Cyclic Voltammetry,21.2236704500001,1.50550711154938,1.50550711154938,1.24527628031501e-06,1.24527628031501e-06,0,-7.33783859148472e-08,-8.6560845375061e-05
1,1,5,Cyclic Voltammetry,21.32367677,2.50607681274414,2.50607681274414,1.28125407172774e-06,1.28125407172774e-06,0,-3.77857457208456e-08,-0.000140443444252014
1,1,5,Cyclic Voltammetry,21.4236831600001,3.50631999969482,3.50631999969482,1.31565172978299e-06,1.31565172978299e-06,0,-1.23752905613175e-09,-0.000177159905433655
1,1,5,Cyclic Voltammetry,21.5236896500001,4.50687074661255,4.50687074661255,1.34892559344735e-06,1.34892559344735e-06,0,3.62350581304675e-08,-0.000233426690101624
1,1,5,Cyclic Voltammetry,21.6236960600004,5.50753879547119,5.50753879547119,1.38126620186085e-06,1.38126620186085e-06,0,7.46060231590506e-08,-0.00027109682559967
1,1,5,Cyclic Voltammetry,21.7237024800002,6.50820350646973,6.50820350646973,1.41253462970781e-06,1.41253462970781e-06,0,1.1384561522649e-07,-0.000296369194984436
1,1,5,Cyclic Voltammetry,21.8237088100004,7.50920391082764,7.50920391082764,1.44367106713617e-06,1.44367106713617e-06,0,1.53950127768673e-07,-0.000334039330482483
1,1,5,Cyclic Voltammetry,21.9237153000004,8.51050758361816,8.51050758361816,1.47408343309507e-06,1.47408343309507e-06,0,1.94899547243924e-07,-0.000363603234291077
1,1,5,Cyclic Voltammetry,22.0228976900003,9.50845813751221,9.50845813751221,1.50461835346505e-06,1.50461835346505e-06,0,2.3635278178125e-07,-0.000410333275794983
